<?xml version="1.0" encoding="UTF-8" ?>
<!DOCTYPE mapper
        PUBLIC "-//mybatis.org//DTD Mapper 3.0//EN"
        "http://mybatis.org/dtd/mybatis-3-mapper.dtd">
<mapper namespace="dao.UserDao">
    <select id="getUserList" resultType="pojo.User">
        select * from user
    </select>


    <!--新增一个用户-->
    <insert id="addUser" parameterType="dao.UserDao">
        <selectKey keyProperty="keyId" order="BEFORE" resultType="String">
            select uuid()
        </selectKey>
        insert into user (id, username, sex, birthday,keyId) values (#{id},#{username},#{sex},#{birthday},#{keyId})
    </insert>
    <!--修改用户信息-->
    <update id="updateUser" parameterType="dao.UserDao">
        update user set username=#{username},sex=#{sex},birthday=#{birthday} where id=#{id}
    </update>
    <!--根据id删除一个用户-->
    <delete id="deleteUser" parameterType="int">
        delete from user where id=#{id}
    </delete>
</mapper>