<?xml version="1.0" encoding="UTF-8" ?>
<!DOCTYPE mapper
        PUBLIC "-//mybatis.org//DTD Mapper 3.0//EN"
        "http://mybatis.org/dtd/mybatis-3-mapper.dtd">
<mapper namespace="myBatisTest">
    <!--
        需求：
            1、根据id查询信息
            2、根据名称模糊查询信息
            3、添加、修改、更新信息
    -->
    <!--根据id查询信息-->
    <!--select：标签，用于执行数据库查询，需哦有有关查询的操作都是使用该标签
        id：唯一表示，
        parameterType：指定输入参数的类型，这个要和数据库中的保持一致
        resultType：指定双输出结果的类型，即查询结果所映射的java对象
        #{}：表示一个占位符，用来接收输入参数
        #{id}:id标识接收输入的参数，参数名为id，如果输入参数是简单类型，参数名可以任意
    -->
    <select id="findUserById" parameterType="integer" resultType="pojo.User">
        select * from user where id = #{id}
    </select>
    <select id="findUserByName" parameterType="String" resultType="pojo.User">
        select * from user where username = #{username}
    </select>

    <select id="findUserByUserNameAndSex" parameterType="pojo.User" resultType="pojo.User">
        select * from user where username=#{username} and sex=#{sex}
    </select>

    <select id="findUserByUserNameAndSex2" parameterType="map" resultType="pojo.User">
        select * from user where username=#{username} and sex=#{sex}
    </select>

    <select id="findAll" parameterType="String" resultType="pojo.User">
        select * from user
    </select>

    <!--
        集合：List<User>
            #{}
            ${}:表示拼接SQL，将接受到的参数的内容不加任何的修饰直接拼接到SQl语句存在SQL注入风险
    -->
    <select id="findUserByLikeName" parameterType="String" resultType="pojo.User">
        <!--select * from user where username like '%${value}%'-->
        select * from user where username like CONCAT('%',#{name},'%')
    </select>
    <!--
        添加操作
            主键：
                1、自增主键
                    在主键自增策略中，通过keyProperty和useGeneratedKeys来实现主键自增回显
                2、非自增
                    SELECT LAST_INSERT_ID()
                    <selectKey keyProperty="keyId" order="BEFORE" resultType="String">
                        select uuid()
                    </selectKey>

                注意：
                    在主键自增策略中，在执行insert语句中，主键不需要占位
                        Eg:insert into user (id,username, sex, birthday,keyId) values (#{id},#{username},#{sex},#{birthday},#{keyId})

                    非主键自增策略中，在执行insert语句中，主键需要占位
                        Eg:insert into user (username, sex, birthday,keyId) values (#{username},#{sex},#{birthday},#{keyId})

                    映射的数据库字段与POJO实体类中的属性要一一对应

                    selectKey标签：
                        1、keyProperty:用于指定主键值对应的POJO类的属性
                        2、order:该属性取值为：before(之前)或after(之后)
                            before：表示先执行selectKey标签内的语句，再执行插入语句 [主键非自增]
                            after：同理与before相反   [主键自增]

                    三层架构（MVC）
    -->
    <!--insert into user (username, sex, birthday,keyId) values (#{username},#{sex},#{birthday},#{keyId})-->
    <insert id="insertUser" parameterType="pojo.User" keyProperty="id" useGeneratedKeys="true">
        <selectKey keyProperty="keyId" order="BEFORE" resultType="String">
            <!--replace()替换操作-->
            select replace(uuid(),'-','')
        </selectKey>
        insert into user (id,username, sex, birthday,keyId) values (#{id},#{username},#{sex},#{birthday},#{keyId})
    </insert>

    <update id="updateUser" parameterType="pojo.User">
        update user set username=#{username},sex=#{sex},birthday=#{birthday} where id=#{id}
    </update>

    <delete id="deleteUser" parameterType="integer">
        delete from user where id=#{id}
    </delete>

</mapper>