<?xml version="1.0" encoding="UTF-8" ?>
<!DOCTYPE configuration
        PUBLIC "-//mybatis.org//DTD Config 3.0//EN"
        "http://mybatis.org/dtd/mybatis-3-config.dtd">
<configuration>
    <properties resource="jdbcConfig.properties"/>
    <!--配置MyBatis全局环境-->
    <environments default="development">
        <environment id="development">
            <!--使用JDBC事务管理 -->
            <transactionManager type="JDBC"></transactionManager>
            <!-- 数据库连接池 -->
            <dataSource type="POOLED">
                <property name="driver" value="${driver}"/>
                <property name="url" value="${url}"/>
                <property name="username" value="${username}"/>
                <property name="password" value="${password}"/>
            </dataSource>
        </environment>
    </environments>
    <!--配置映射文件-->
    <mappers>
        <mapper resource="userSqlMap/User.xml"></mapper>
        <mapper resource="userSqlMap/UserMapper.xml"></mapper>
    </mappers>
</configuration>