<?xml version="1.0" encoding="UTF-8" ?>
<!DOCTYPE mapper
        PUBLIC "-//mybatis.org//DTD Mapper 3.0//EN"
        "http://mybatis.org/dtd/mybatis-3-mapper.dtd">
<mapper namespace="com.mybatis.dao.AdministratorMapper">
    <select id="logIn" parameterType="String" resultType="Administrator">
        select * from administrator where account = #{account} and password = #{password}
    </select>

    <select id="findAllBooks" resultType="Books">
        select * from book
    </select>
    <select id="findBooksByName" resultType="Books">
        select * from book where bookName=#{bookname}
    </select>
<!--     <selectKey keyProperty="id" order="BEFORE" resultType="String">-->
    <!--            select replace(uuid(),"-","")-->
    <!--        </selectKey>-->
    <insert id="addBook" useGeneratedKeys="true" keyProperty="id">
        insert into book (id,bookName,author,price,publishDate,press,bookType,frequency,shelfTime)
        values (left(replace(uuid(),"-",""),20),#{bookName},#{author},#{price},#{publishDate},#{press},#{bookType},#{frequency},#{shelfTime})
    </insert>
    
    <update id="updateBook" parameterType="books">
        update book set
        bookName = #{bookName},author=#{author},price=#{price},publishDate=#{publishDate},
        press=#{press},bookType=#{bookType},frequency=#{frequency},shelfTime=#{shelfTime}
        where id = #{id}
    </update>

    <delete id="deleteBook">
        delete from book where bookName = #{name}
    </delete>

<!--    书名模糊查询>-->
    <select id="findBookNameLike" parameterType="String" resultType="books">
        select * from book where bookName like concat("%",#{value},"%")
    </select>
<!--    查看所有用户-->
    <select id="findAllUser" resultType="User">
        select * from user
    </select>
    <!--    书名模糊查询>-->
    <select id="findUserNameLike" parameterType="String" resultType="User">
        select * from user where username like concat("%",#{value},"%")
    </select>
<!--    注销用户-->
    <delete id="deleteUser">
        delete from user where username = #{name}
    </delete>

</mapper>


