<?xml version="1.0" encoding="UTF-8" ?>
<!DOCTYPE mapper
        PUBLIC "-//mybatis.org//DTD Mapper 3.0//EN"
        "http://mybatis.org/dtd/mybatis-3-mapper.dtd">
<!--namespace命名空间，作用就是对SQL进行分类化管理，即sql隔离
    在mapper动态代理开发中，namespace=mapper接口地址
-->
<mapper namespace="com.mybatis.dao.UserMapper">
<!--    用户注册-->
    <insert id="addUser" useGeneratedKeys="true" keyProperty="stuNo">
        insert into user (username,password,sex,birthday,age,address,createTime)
        values (#{username},#{password},#{sex},#{birthday},#{age},#{address},#{createTime})
    </insert>
<!--    用户登录-->
    <select id="LogIn" resultType="User">
        select * from user where username = #{username} and password = #{password}
    </select>
<!--    1、查询所有书籍-->
    <select id="findAllBooks" resultType="Books">
        select * from book
    </select>
<!--    2、修改密码-->
    <update id="updateUserPassword">
        update user set
        password =#{password}
        where username = #{username}
    </update>
<!--    3、根据书名搜索-->
    <select id="findBooksByName" resultType="Books">
        select * from book where bookName=#{bookname}
    </select>
<!--    4、查看个人注册信息-->
    <select id="findUserByName" resultType="User">
        select * from user where username=#{username}
    </select>
<!--    5、修改个人信息-->
    <update id="updateUser">
        update user set
        username = #{username},password =#{password},sex = #{sex},
        birthday = #{birthday},age = #{age},address = #{address}
        where stuNo = #{stuNo}
    </update>
<!--    6、退出操作-->

<!--    7、A、借书、B、还书-->

</mapper>