<?xml version="1.0" encoding="UTF-8" ?>
<!DOCTYPE mapper
        PUBLIC "-//mybatis.org//DTD Mapper 3.0//EN"
        "http://mybatis.org/dtd/mybatis-3-mapper.dtd">
<mapper namespace="com.mybatis.mapper.BookMapper">
    <!--
        SQL块就是mapper.xml中可以被共享的一段SQL片段，用它可以代替在映射文件中大量出现重复的SQL语句片段
    -->
    <sql id="selectBookBean">
        select * from book
    </sql>
    <insert id="insertBook" parameterType="book">
        insert into book (name, author, price, sales, stock, imgpath, pressDate, press)
        values (#{name},#{author},#{price},#{sales},#{stock},#{imgPath},#{pressDate},#{press})
    </insert>

    <select id="findBookById" resultType="book">
        select * from book where id=#{id}
    </select>

    <select id="selectBookByNameIf" parameterType="String" resultType="book">
        <!--select * from book where 1=1
        <if test="name!=null">
            and name=#{name}
        </if>-->
        <!--
            include标签用于引入SQL片段，refid属性：引用的SQL片段的id
            Eg:select * from book where id in(1,3,4,5);
        -->
        <include refid="selectBookBean"></include>
        <!--<where>
            <if test="name!=null">
                and name = #{name}
            </if>
            &lt;!&ndash;<if test="author!=null">
                and author = #{author}
            </if>&ndash;&gt;
        </where>-->
        <trim prefix="where" prefixOverrides="and">
            <if test="name!=null">
                and name = #{name}
            </if>
        </trim>
    </select>
    <!--怎么解决where和and的问题？？？-->

    <select id="selectBookByChoose" parameterType="map" resultType="book">
        select * from book
        <where>
            <choose>
                <when test="name!=null">
                    name = #{name}
                </when>
                <when test="price!=null">
                    price = #{price}
                </when>
                <otherwise>
                    press = #{press}
                </otherwise>
            </choose>
        </where>
    </select>

    <update id="updateBookBySet" parameterType="map" >
        <!--update book
        <set>
            <if test="name!=null">
                name = #{name},
            </if>
            <if test="price!=null">
                price = #{price},
            </if>
            <if test="pressDate!=null">
                pressDate=#{pressDate}
            </if>
            &lt;!&ndash;id = #{id}&ndash;&gt;
        </set>
        where id = #{id}-->
        <!--
            update book set id=#{id} where id = ?
        -->
        update book set
        <trim suffix="where id = #{id}" suffixOverrides=",">
            <if test="name!=null">
                name = #{name},
            </if>
            <if test="price!=null">
                price = #{price},
            </if>
            <if test="pressDate!=null">
                pressDate=#{pressDate}
            </if>
        </trim>
    </update>

    <!--
        foreach标签：
            collection：表示要遍历的集合类型
                1、数组    arrays
                2、list  list
                3、map   map
            item：表示集合中的每一个元素进行迭代时的别名
            open：循环开始标签（
            separate：分隔符
            close：循环结束标签 ）
    -->
    <select id="findBookListIn" resultType="book">
        <include refid="selectBookBean"></include>
        where id in
        <foreach collection="list" item="id" open="(" separator="," close=")">
            #{id}
        </foreach>
    </select>

    <select id="findBookListInArray" resultType="book">
        <include refid="selectBookBean"></include>
        where id in
        <foreach collection="array" item="id" open="(" separator="," close=")">
            #{id}
        </foreach>
    </select>

    <select id="findBookListInMap" resultType="book">
        <include refid="selectBookBean"></include>
        <where>
            id in
            <foreach collection="ids" item="id" open="(" separator="," close=")">
                #{id}
            </foreach>
            <if test="author!=null">
                and author=#{author}
            </if>
        </where>
        <!--where id in
        <foreach collection="ids" item="id" open="(" separator="," close=")">
            #{id}
        </foreach>
        and author=#{author}-->
    </select>

    <delete id="deleteBookInArray" parameterType="integer">
        delete from book
        <where>
            id in
            <foreach collection="array" item="id" open="(" separator="," close=")">
                #{id}
            </foreach>
        </where>
    </delete>

    <!--select * from book where name like concat('%',#{name},'%')-->
    <!--
        value :对应传入实体类的某个字段
        name:对应参数的别名
    -->
    <select id="findBookLikeInArrayBind" parameterType="String" resultType="book">
        <bind name="name" value="'%'+name+'%'"/>
        <include refid="selectBookBean"></include>
            <where>
                name like #{name}
            </where>
    </select>

    <select id="findBookByPriceGt90" resultType="book">
        select * from book where price <![CDATA[>]]> #{price}
    </select>

    <select id="findBookByPriceGt50Lt90" resultType="book">
        select * from book where price between #{minPrice} and #{maxPrice}
    </select>

</mapper>