<?xml version="1.0" encoding="UTF-8" ?>
<!DOCTYPE mapper
        PUBLIC "-//mybatis.org//DTD Mapper 3.0//EN"
        "http://mybatis.org/dtd/mybatis-3-mapper.dtd">

<!--
    namespace命名空间，作用就是对SQL进行分类化管理,即sql隔离
    在mapper动态代理开发中，namespace=mapper接口地址
-->
<mapper namespace="com.mybatis.mapper.StudentMapper">

    <!--
        resultMap:数据库表字段与实体类属性映射    id:resultMap标签的标识
        子标签id：标明数据库表主键
        column：数据库中表字段名
        property：实体类中对应的属性名
        result：标明非主键（属性/字段）
    -->
    <resultMap id="studentResultMap" type="student">
        <id column="id" property="id" javaType="java.lang.Integer"></id>
        <result column="sex" property="sex" javaType="java.lang.String"></result>
    </resultMap>

    <select id="findStudentById" parameterType="integer" resultMap="studentResultMap">
        select * from student where id = #{id}
    </select>

    <insert id="insertStudent" parameterType="com.mybatis.pojo.Student" keyProperty="id" useGeneratedKeys="true">
        insert into student(username, password, sex, birthday, address)
        values (#{username},#{password},#{sex},#{birthday},#{address})
    </insert>

    <select id="findAll" resultType="student">
        select * from student
    </select>
    <select id="findByUserNameAndPassword" parameterType="com.mybatis.pojo.Student" resultType="com.mybatis.pojo.Student">
        select * from student where username=#{username} and password=#{password}
    </select>
    <select id="findByLikeUserName" resultType="com.mybatis.pojo.Student">
        select * from student where username like CONCAT('%',#{username},'%')
    </select>

    <update id="updateStudent" parameterType="com.mybatis.pojo.Student">
        update student set username=#{username},password=#{password},sex=#{sex},birthday=#{birthday},
         address=#{address} where id=#{id}
    </update>
    <delete id="deleteStudentById" parameterType="integer">
        delete from student where id=#{id}
    </delete>
    <select id="countByStudent" resultType="integer">
        select count(*) from student
    </select>

    <select id="getStudentByPageHelper" resultType="com.mybatis.pojo.Student">
        select * from student
    </select>

    <select id="getStudentLimit" parameterType="map" resultMap="studentResultMap">
        select * from student limit #{pageNum},#{pageSize}
    </select>
</mapper>