<?xml version="1.0" encoding="UTF-8"?>
<!DOCTYPE mapper
        PUBLIC "-//mybatis.org//DTD Mapper 3.0//EN"
        "http://mybatis.org/dtd/mybatis-3-mapper.dtd">
<mapper namespace="com.springboot.Dao.BookDao">

    <select id="queryAll" resultType="com.springboot.pojo.Book">
        select * from book
    </select>

    <select id="getfindBooksById" parameterType="integer" resultType="com.springboot.pojo.Book">
        select * from book where id=#{id}
    </select>

    <delete id="deleteById" parameterType="integer">
        delete from book where id=#{id} order by id desc
    </delete>

    <insert id="insertBook" parameterType="Book">
        insert into book (name, author, price, sales, stock, imgpath, press) values (#{name},#{author},#{price},#{sales},#{stock},#{imgpath},#{press})
    </insert>

    <update id="updateBook" parameterType="User">
        update book set name = #{name},author = #{author},price = #{price},sales = #{sales},stock = #{stock},imgpath = #{imgpath},press = #{press} where id = #{id}
    </update>


<!--    <select id="findByAll" resultType="com.springboot.pojo.Book">-->
<!--        select * from book-->
<!--    </select>-->

</mapper>