<?xml version="1.0" encoding="UTF-8"?>
<!DOCTYPE mapper
        PUBLIC "-//mybatis.org//DTD Mapper 3.0//EN"
        "http://mybatis.org/dtd/mybatis-3-mapper.dtd">
<mapper namespace="com.springboot.Dao.UserDao">

    <select id="findById" parameterType="int" resultType="com.springboot.pojo.User">
        select * from user where id=#{id}
    </select>

    <select id="findByAll" resultType="com.springboot.pojo.User">
        select * from user
    </select>

<!--    keyProperty="id" useGeneratedKeys="true" 实现主键自增回显-->
    <insert id="save" parameterType="User" keyProperty="id" useGeneratedKeys="true">
        insert into user (username, sex, address) values (#{username},#{sex},#{address})
    </insert>

    <update id="updateById" parameterType="User">
        update user set username = #{username},sex = #{sex},address = #{address} where id = #{id}
    </update>

    <delete id="deleteById" parameterType="boolean">
        delete from user where id=#{id}
    </delete>

    <select id="login" resultType="com.springboot.pojo.User">
        select * from user where username = #{username} and address = #{address}
    </select>

    <select id="findByUser" resultType="com.springboot.pojo.User">
        select * from user where username = #{username} and address = #{address}
    </select>

    <select id="count" parameterType="string" resultType="integer">
        select count(*) from user where sex = #{sex}
    </select>

    <select id="countSex" parameterType="string" resultType="integer">
        select count(*) from user where sex = #{sex}
    </select>

    <select id="findByAllUserPage" resultType="com.springboot.pojo.User">
        select * from user limit #{pageNum},#{pageSize}
    </select>

    <select id="findByAllUserPage2" resultType="com.springboot.pojo.User">
        select * from user
    </select>


</mapper>