<?xml version="1.0" encoding="UTF-8" ?>
<!DOCTYPE mapper
        PUBLIC "-//mybatis.org//DTD Mapper 3.0//EN"
        "http://mybatis.org/dtd/mybatis-3-mapper.dtd">
<mapper namespace="com.mybatis.mapper.UserMapperOrders">
    <resultMap id="OrdersUserResultMap" type="Orders">
        <!--
            resultMap:
                column:数据库表字段
                property：实体类属性
                association:处理一对一级联关系
                    property：指定映射到实体类的对象属性
                    column：数据库表表中对应的字段
        -->
        <id column="id" property="id"/>
        <result column="user_id" property="user_id"/>
        <result column="number" property="number"/>
        <result column="createTime" property="createTime"/>
        <result column="note" property="note"/>
        <!--
            association:用于映射关联关系查询单个对象信息
            columnPrefix：列前缀名，相当于给每个属性的那面加上指定的前缀
            javaType：映射的java属性的类型
        -->
        <!--配置需要映射的信息-->
        <association property="user" columnPrefix="u_" javaType="User">
            <!--配置user-->
            <result column="id" property="id"/>
            <result column="username" property="username"/>
            <result column="sex" property="sex"/>
            <result column="address" property="address"/>
        </association>
    </resultMap>

    <!--resultMap存在继承关系，通过extends来继承其他的ResultMap-->
    <resultMap id="ordersAndOrderDetailResultMap" type="Orders" extends="OrdersUserResultMap">
        <!--
            一个订单关联多条明细，一对多需要使用collection进行映射
            property：将关联查询到的多条记录映射到对象中
            ofType：指定映射到list集合属性中的pojo
        -->
        <collection property="orderDetails" ofType="OrderDetail" >
            <!--
                查询字段重名问题???
                    当关联查询存在重名的字段是，智慧查询出一条数据
                解决方式：
                    1、修改数据库表重名的字段
                    2、在映射时，使用别名【重点把握】
            -->
            <id column="orderDetail_id" property="id"></id>
            <result column="orders_id" property="ordersId"></result>
            <result column="items_id" property="itemsId"></result>
            <result column="items_num" property="itemsNum"></result>
        </collection>
    </resultMap>

    <resultMap id="userAndItemsResultMap" type="User">
        <!--用户信息-->
        <!--配置user-->
        <id column="id" property="id"/>
        <result column="username" property="username"/>
        <result column="sex" property="sex"/>
        <result column="address" property="address"/>

        <!--订单信息
            一个用户对应多个订单，使用collection映射
        -->
        <collection property="ordersList" ofType="Orders">
            <id column="id" property="id"/>
            <result column="user_id" property="user_id"/>
            <result column="number" property="number"/>
            <result column="createTime" property="createTime"/>
            <result column="note" property="note"/>
            <!--订单明细
                一个订单包含多个明细
            -->
            <collection property="orderDetails" ofType="OrderDetail" >
                <id column="orderDetail_id" property="id"></id>
                <result column="orders_id" property="ordersId"></result>
                <result column="items_id" property="itemsId"></result>
                <result column="items_num" property="itemsNum"></result>
                <!--商品信息
                    一个订单明细对应一个商品
                -->
                <association property="items" javaType="items">
                    <id column="items_id" property="id"/>
                    <result column="name" property="name"/>
                    <result column="price" property="price"/>
                    <result column="detail" property="detail"/>
                    <result column="pic" property="pic"/>
                    <result column="items_createTime" property="createTime"/>
                </association>
            </collection>
        </collection>
    </resultMap>

    <select id="getOrdersByNumber" parameterType="String" resultMap="OrdersUserResultMap">
        select o.*,u.id as u_id,u.username as u_username,u.sex as u_sex,u.address as u_address
        from orders as o,user as u
        where o.user_id = u.id and o.number = #{number}
    </select>

    <select id="findOrdersAndOrderDetail" parameterType="String" resultMap="ordersAndOrderDetailResultMap">
        select o.* ,u.id as u_id,u.username as u_username,u.sex as u_sex,u.address as u_address,
        orderdetail.id as orderDetail_id,orderdetail.orders_id,orderdetail.items_id,orderdetail.items_num
        from orders as o,user as u,orderdetail
        where o.user_id = u.id
        and orderdetail.orders_id = o.id
        and o.number = #{number}
    </select>

    <select id="findUserAndItemsResultMap" parameterType="integer" resultMap="userAndItemsResultMap">
        select o.* ,
            u.id as u_id,u.username as u_username,u.sex as u_sex,u.address as u_address,
            od.id as orderDetail_id,od.orders_id,od.items_id,od.items_num,
            its.name,its.price,its.detail,its.pic,its.createtime as items_createtime
        from orders as o,
            user as u,
            orderdetail as od,
            items as its
        where o.user_id = u.id
            and od.orders_id = o.id
            and its.id = od.items_id
            and u.id = #{id}
    </select>
</mapper>