<?xml version="1.0" encoding="UTF-8" ?>
<!DOCTYPE configuration
        PUBLIC "-//mybatis.org//DTD Config 3.0//EN"
        "http://mybatis.org/dtd/mybatis-3-config.dtd">
<configuration>
    <properties resource="jdbcConfig.properties"/>

    <!--定义别名-->
    <typeAliases>
        <!--
            针对单个别名的定义【不常用】
            type:类的全路径
            alias：别名（首字母大写或者小写都可以）
            <typeAlias type="com.mybatis.pojo.Student" alias="student"></typeAlias>
        -->
        <!--批量定义别名【常用】-->
        <!--
            指定包名，MyBatis会自动扫描包中的pojo类，自动定义别名个，别名就是类名（首字母大写或小写）
        -->
        <package name="com.mybatis.pojo"/>
    </typeAliases>

    <!--配置分页插件拦截器-->
    <plugins>
        <plugin interceptor="com.github.pagehelper.PageInterceptor"/>
    </plugins>

    <!--配置MyBatis全局环境-->
    <environments default="development">
        <environment id="development">
            <!--使用JDBC事务管理 -->
            <transactionManager type="JDBC"></transactionManager>
            <!-- 数据库连接池 -->
            <dataSource type="POOLED">
                <property name="driver" value="${driver}"/>
                <property name="url" value="${url}"/>
                <property name="username" value="${username}"/>
                <property name="password" value="${password}"/>
            </dataSource>
        </environment>
    </environments>
    <!--配置映射文件-->
    <mappers>
        <mapper resource="mapper/StudentMapper.xml"></mapper>
        <mapper resource="mapper/BookMapper.xml"></mapper>
        <!--
            Mapper中使用Class属性映射
                1、mapper接口与mapper映射文件名称要一致
                2、必须在同一个mapper包下
                <mapper class="com.mybatis.mapper.StudentMapper"></mapper>
        -->
        <package name=""/>
    </mappers>
</configuration>