<?xml version="1.0" encoding="UTF-8" ?>
<!DOCTYPE configuration
        PUBLIC "-//mybatis.org//DTD Config 3.0//EN"
        "http://mybatis.org/dtd/mybatis-3-config.dtd">
<configuration>
    <!--加载连接数据库的资源文件-->
    <properties resource="jdbcConfig.properties">
        <!--        <property name="driver" value="com.mysql.jdbc.Driver"/>-->
        <!--        <property name="url" value="jdbc:mysql://localhost:3306/mybatis"/>-->
        <!--        <property name="username"  value="root"/>-->
        <!--        <property name="password" value="111111"/>-->
    </properties>
    <typeAliases>
        <!--        针对单个别名的定义 不常用
            type：类的全路径
            alias：别名
            <typeAlias type="com.mybatis.pojo.Student" alias="student"></typeAlias>
        -->
        <!--        批量定义【常用】
            指定包名，MyBatis会自动扫描包中的pojo类，自动定义别名
        -->
        <package name="com.mybatis.pojo"/>
    </typeAliases>

    <plugins>
        <!-- com.github.pagehelper为PageHelper类所在包名 -->
        <plugin interceptor="com.github.pagehelper.PageInterceptor">
            <!-- 使用下面的方式配置参数，后面会有所有的参数介绍 -->
            <property name="param1" value="value1"/>
        </plugin>
    </plugins>
    <!--    配置MyBatis全局环境-->
    <environments default="development">
        <environment id="development">
            <!--使用JDBC事务管理-->
            <transactionManager type="JDBC"/>
            <!--数据库连接池-->
            <dataSource type="POOLED">
                <property name="driver" value="${driver}"/>
                <property name="url" value="${url}"/>
                <property name="username"  value="${username}"/>
                <property name="password" value="${password}"/>
            </dataSource>
        </environment>
    </environments>
    <!--配置映射文件-->
    <mappers >
        <mapper resource="mapper/UserMapper.xml"></mapper>
        <mapper resource="mapper/AdministratorMapper.xml"></mapper>


        <!--使用class属性映射
        mapper接口与mapper映射文件名一致
        必须在同一个mapper包下
        <mapper class=""
        -->

    </mappers>

</configuration>